{
	"loss": [0.5561886565333131, 0.09421246200912689, 0.056724795799043465, 0.040162129071553435, 0.032015890087819604, 0.025797847176912348, 0.01757383707997418, 0.017004193686724917, 0.015476060777470088, 0.011280499980755147, 0.009354515530754724, 0.010724634484823544, 0.004809454067240475, 0.00408235944480394, 0.005963106082995215, 0.0027262102924339787, 0.0032341353135715693, 0.0021433500189169926, 0.0011971474347298914, 0.0004507004539772488, 0.0018801050872731075, 0.00045878653178640526, 0.00033578297112737466, 0.00023063916037582364, 0.0002087260808146784],
 	"accuracy": [0.789445859566492, 0.9699620320084587, 0.9807757004854135, 0.9865910510885759, 0.9894266352669775, 0.9918296727063007, 0.9935598596626135, 0.9942807708944106, 0.9948094391310617, 0.9960590185995097, 0.9967799298313068, 0.9969721728264527, 0.9984620560388331, 0.9987023597827654, 0.9980775700485414, 0.9990868457730572, 0.9989907242754842, 0.9993271495169894, 0.9996155140097083, 0.999903878502427, 0.9993752102657759, 0.9998077570048541, 0.9999519392512135, 0.9999519392512135, 0.9999519392512135],
 	"eval_loss": [6.4746732635521065, 2.3228984611354853, 2.5439916229902813, 1.822669679086452, 0.9967849440008065, 1.0313449363161782, 0.5330030307663723, 1.2725156145892185, 5.819451371280364, 1.264433734391944, 1.013868030343399, 2.3103917741608204, 2.1694509403016817, 5.9022197326705035, 3.0924549849257548, 1.1765899771013848, 0.7966126558854408, 0.8353903147472823, 0.57755715208078, 0.8644303719393603, 0.6940318991944106, 0.9289132016200282, 0.75825277644394, 0.9114264131554177, 1.0629441951374414],
 	"eval_accuracy": [0.8002691272587467, 0.9246443675509419, 0.9273356401384083, 0.9469434832756632, 0.9646289888504421, 0.9596309111880046, 0.9798154555940023, 0.962322183775471, 0.8813917723952326, 0.9621299500192234, 0.9750096116878124, 0.9479046520569012, 0.9592464436755094, 0.9154171472510573, 0.9463667820069204, 0.9694348327566321, 0.9778931180315263, 0.9828911956939639, 0.9859669357939254, 0.9842368319876971, 0.9882737408688966, 0.9857747020376778, 0.9869281045751634, 0.9875048058439062, 0.9846212995001923]
}