{
    "loss": [0.6369020272434854, 0.16893454802228264, 0.1185901110986122, 0.12456377447679913, 0.11357400078966391, 0.11138879095541279, 0.10852019388822873, 0.10445975572830694, 0.08953429049343739, 0.09237985764315888, 0.07324230374248436, 0.050863252022086525, 0.04034403952315701, 0.035340365203650255, 0.02653122476985581, 0.017714552149975436, 0.019350034406023356, 0.016423460349663407, 0.011343767009893336, 0.0073939779588732685, 0.007168916646123148, 0.004154871266935493, 0.004248472040655174, 0.002647253107421487, 0.0014860325506108954],
    "accuracy": [0.7047147594559523, 0.9376652088239534, 0.9584274522997068, 0.9564569615994617, 0.9590041812851444, 0.9620320084586917, 0.9614072187244678, 0.9624164944489835, 0.9677992983130678, 0.9665977795934061, 0.9743836208968135, 0.9814485509684241, 0.9852453501225549, 0.9871197193252271, 0.9890421492766858, 0.99279088768203, 0.9920219157014466, 0.9938962849041189, 0.9953381073677128, 0.9973085980679579, 0.9975008410631038, 0.998654299033979, 0.998654299033979, 0.9990387850242707, 0.9996635747584948],
    "eval_loss": [0.2673793050755815, 0.1158169632686711, 0.1269720539268924, 0.19387974833115573, 0.20309917537904368, 0.08132298942655325, 0.09865749917254306, 0.11773454809061638, 0.10436193698381142, 0.14286202692040584, 0.04963931205069146, 0.05550986981564542, 0.0405779710414297, 0.045642314084078664, 0.034031702916807974, 0.03447942114002128, 0.033107601187089684, 0.03870419117269992, 0.023039669860736467, 0.01562205636068162, 0.016301021000245094, 0.012570275702207099, 0.008285034132513386, 0.009632679176253831, 0.008577648002578715],
    "eval_accuracy": [0.8896578239138793, 0.959438677431757, 0.9582852748942714, 0.9388696655132641, 0.936562860438293, 0.9767397154940407, 0.9680891964628989, 0.9669357939254133, 0.9715494040753556, 0.9357939254133025, 0.9796232218377547, 0.9790465205690119, 0.9846212995001923, 0.9825067281814687, 0.9894271434063822, 0.9878892733564014, 0.9898116109188774, 0.9834678969627066, 0.9915417147251058, 0.9944252210688197, 0.9944252210688197, 0.9963475586312956, 0.9967320261437909, 0.9965397923875432, 0.9967320261437909]
}